origine,destination,delta_days,proba_open
LES AUBRAIS ORLEANS,AUTERIVE,0,0.9137931034482759
LES AUBRAIS ORLEANS,AUTERIVE,1,0.2413793103448276
LES AUBRAIS ORLEANS,AUTERIVE,2,0.20517241379310344
LES AUBRAIS ORLEANS,AUTERIVE,3,0.14655172413793102
LES AUBRAIS ORLEANS,AUTERIVE,4,0.07142857142857142
LES AUBRAIS ORLEANS,AUTERIVE,5,0.03888888888888889
LES AUBRAIS ORLEANS,AUTERIVE,6,0.028846153846153848
LES AUBRAIS ORLEANS,AUTERIVE,7,0.036538461538461534
LES AUBRAIS ORLEANS,AUTERIVE,8,0.036538461538461534
LES AUBRAIS ORLEANS,AUTERIVE,9,0.0
LES AUBRAIS ORLEANS,AUTERIVE,10,0.0
LES AUBRAIS ORLEANS,AUTERIVE,11,0.0
LES AUBRAIS ORLEANS,AUTERIVE,12,0.0
LES AUBRAIS ORLEANS,AUTERIVE,13,0.0
LES AUBRAIS ORLEANS,AUTERIVE,14,0.0
LES AUBRAIS ORLEANS,AUTERIVE,15,0.0
LES AUBRAIS ORLEANS,AUTERIVE,16,0.0
LES AUBRAIS ORLEANS,AUTERIVE,17,0.0
LES AUBRAIS ORLEANS,AUTERIVE,18,0.0
LES AUBRAIS ORLEANS,AUTERIVE,19,0.0
LES AUBRAIS ORLEANS,AUTERIVE,20,0.0
LES AUBRAIS ORLEANS,AUTERIVE,21,0.0
LES AUBRAIS ORLEANS,AUTERIVE,22,0.0
LES AUBRAIS ORLEANS,AUTERIVE,23,0.0
LES AUBRAIS ORLEANS,AUTERIVE,24,0.038461538461538464
LES AUBRAIS ORLEANS,AUTERIVE,25,0.038461538461538464
LES AUBRAIS ORLEANS,AUTERIVE,26,0.038461538461538464
LES AUBRAIS ORLEANS,AUTERIVE,27,0.038461538461538464
LES AUBRAIS ORLEANS,AUTERIVE,28,0.038461538461538464
LES AUBRAIS ORLEANS,AUTERIVE,29,0.038461538461538464
LES AUBRAIS ORLEANS,AUTERIVE,30,0.0038461538461538464
LES AUBRAIS ORLEANS,AX LES THERMES,0,0.9172413793103449
LES AUBRAIS ORLEANS,AX LES THERMES,1,0.25
LES AUBRAIS ORLEANS,AX LES THERMES,2,0.20517241379310344
LES AUBRAIS ORLEANS,AX LES THERMES,3,0.14655172413793102
LES AUBRAIS ORLEANS,AX LES THERMES,4,0.07678571428571428
LES AUBRAIS ORLEANS,AX LES THERMES,5,0.04259259259259259
LES AUBRAIS ORLEANS,AX LES THERMES,6,0.032692307692307694
LES AUBRAIS ORLEANS,AX LES THERMES,7,0.03461538461538462
LES AUBRAIS ORLEANS,AX LES THERMES,8,0.03461538461538462
LES AUBRAIS ORLEANS,AX LES THERMES,9,0.0019230769230769232
LES AUBRAIS ORLEANS,AX LES THERMES,10,0.0
LES AUBRAIS ORLEANS,AX LES THERMES,11,0.0
LES AUBRAIS ORLEANS,AX LES THERMES,12,0.0
LES AUBRAIS ORLEANS,AX LES THERMES,13,0.0
LES AUBRAIS ORLEANS,AX LES THERMES,14,0.0
LES AUBRAIS ORLEANS,AX LES THERMES,15,0.0
LES AUBRAIS ORLEANS,AX LES THERMES,16,0.0
LES AUBRAIS ORLEANS,AX LES THERMES,17,0.0
LES AUBRAIS ORLEANS,AX LES THERMES,18,0.0
LES AUBRAIS ORLEANS,AX LES THERMES,19,0.0
LES AUBRAIS ORLEANS,AX LES THERMES,20,0.0
LES AUBRAIS ORLEANS,AX LES THERMES,21,0.0
LES AUBRAIS ORLEANS,AX LES THERMES,22,0.0
LES AUBRAIS ORLEANS,AX LES THERMES,23,0.0
LES AUBRAIS ORLEANS,AX LES THERMES,24,0.038461538461538464
LES AUBRAIS ORLEANS,AX LES THERMES,25,0.038461538461538464
LES AUBRAIS ORLEANS,AX LES THERMES,26,0.038461538461538464
LES AUBRAIS ORLEANS,AX LES THERMES,27,0.038461538461538464
LES AUBRAIS ORLEANS,AX LES THERMES,28,0.038461538461538464
LES AUBRAIS ORLEANS,AX LES THERMES,29,0.038461538461538464
LES AUBRAIS ORLEANS,AX LES THERMES,30,0.0
LES AUBRAIS ORLEANS,FOIX,0,0.9
LES AUBRAIS ORLEANS,FOIX,1,0.24310344827586206
LES AUBRAIS ORLEANS,FOIX,2,0.21034482758620687
LES AUBRAIS ORLEANS,FOIX,3,0.13793103448275862
LES AUBRAIS ORLEANS,FOIX,4,0.07678571428571428
LES AUBRAIS ORLEANS,FOIX,5,0.03888888888888889
LES AUBRAIS ORLEANS,FOIX,6,0.03461538461538462
LES AUBRAIS ORLEANS,FOIX,7,0.04038461538461539
LES AUBRAIS ORLEANS,FOIX,8,0.04038461538461539
LES AUBRAIS ORLEANS,FOIX,9,0.0019230769230769232
LES AUBRAIS ORLEANS,FOIX,10,0.0
LES AUBRAIS ORLEANS,FOIX,11,0.0
LES AUBRAIS ORLEANS,FOIX,12,0.0
LES AUBRAIS ORLEANS,FOIX,13,0.0
LES AUBRAIS ORLEANS,FOIX,14,0.0
LES AUBRAIS ORLEANS,FOIX,15,0.0
LES AUBRAIS ORLEANS,FOIX,16,0.0
LES AUBRAIS ORLEANS,FOIX,17,0.0
LES AUBRAIS ORLEANS,FOIX,18,0.0
LES AUBRAIS ORLEANS,FOIX,19,0.0
LES AUBRAIS ORLEANS,FOIX,20,0.0
LES AUBRAIS ORLEANS,FOIX,21,0.0
LES AUBRAIS ORLEANS,FOIX,22,0.0
LES AUBRAIS ORLEANS,FOIX,23,0.0
LES AUBRAIS ORLEANS,FOIX,24,0.038461538461538464
LES AUBRAIS ORLEANS,FOIX,25,0.038461538461538464
LES AUBRAIS ORLEANS,FOIX,26,0.038461538461538464
LES AUBRAIS ORLEANS,FOIX,27,0.038461538461538464
LES AUBRAIS ORLEANS,FOIX,28,0.036538461538461534
LES AUBRAIS ORLEANS,FOIX,29,0.03461538461538462
LES AUBRAIS ORLEANS,FOIX,30,0.0019230769230769232
LES AUBRAIS ORLEANS,L'HOSPITALET PRES L'AND.,0,0.9120689655172414
LES AUBRAIS ORLEANS,L'HOSPITALET PRES L'AND.,1,0.2517241379310345
LES AUBRAIS ORLEANS,L'HOSPITALET PRES L'AND.,2,0.20862068965517241
LES AUBRAIS ORLEANS,L'HOSPITALET PRES L'AND.,3,0.14137931034482756
LES AUBRAIS ORLEANS,L'HOSPITALET PRES L'AND.,4,0.07142857142857142
LES AUBRAIS ORLEANS,L'HOSPITALET PRES L'AND.,5,0.037037037037037035
LES AUBRAIS ORLEANS,L'HOSPITALET PRES L'AND.,6,0.03076923076923077
LES AUBRAIS ORLEANS,L'HOSPITALET PRES L'AND.,7,0.036538461538461534
LES AUBRAIS ORLEANS,L'HOSPITALET PRES L'AND.,8,0.036538461538461534
LES AUBRAIS ORLEANS,L'HOSPITALET PRES L'AND.,9,0.0019230769230769232
LES AUBRAIS ORLEANS,L'HOSPITALET PRES L'AND.,10,0.0019230769230769232
LES AUBRAIS ORLEANS,L'HOSPITALET PRES L'AND.,11,0.0
LES AUBRAIS ORLEANS,L'HOSPITALET PRES L'AND.,12,0.0
LES AUBRAIS ORLEANS,L'HOSPITALET PRES L'AND.,13,0.0
LES AUBRAIS ORLEANS,L'HOSPITALET PRES L'AND.,14,0.0
LES AUBRAIS ORLEANS,L'HOSPITALET PRES L'AND.,15,0.0
LES AUBRAIS ORLEANS,L'HOSPITALET PRES L'AND.,16,0.0
LES AUBRAIS ORLEANS,L'HOSPITALET PRES L'AND.,17,0.0
LES AUBRAIS ORLEANS,L'HOSPITALET PRES L'AND.,18,0.0
LES AUBRAIS ORLEANS,L'HOSPITALET PRES L'AND.,19,0.0
LES AUBRAIS ORLEANS,L'HOSPITALET PRES L'AND.,20,0.0
LES AUBRAIS ORLEANS,L'HOSPITALET PRES L'AND.,21,0.0
LES AUBRAIS ORLEANS,L'HOSPITALET PRES L'AND.,22,0.0
LES AUBRAIS ORLEANS,L'HOSPITALET PRES L'AND.,23,0.0
LES AUBRAIS ORLEANS,L'HOSPITALET PRES L'AND.,24,0.038461538461538464
LES AUBRAIS ORLEANS,L'HOSPITALET PRES L'AND.,25,0.038461538461538464
LES AUBRAIS ORLEANS,L'HOSPITALET PRES L'AND.,26,0.036538461538461534
LES AUBRAIS ORLEANS,L'HOSPITALET PRES L'AND.,27,0.038461538461538464
LES AUBRAIS ORLEANS,L'HOSPITALET PRES L'AND.,28,0.038461538461538464
LES AUBRAIS ORLEANS,L'HOSPITALET PRES L'AND.,29,0.038461538461538464
LES AUBRAIS ORLEANS,L'HOSPITALET PRES L'AND.,30,0.0019230769230769232
LES AUBRAIS ORLEANS,LATOUR DE CAROL ENVEITG,0,0.906896551724138
LES AUBRAIS ORLEANS,LATOUR DE CAROL ENVEITG,1,0.2517241379310345
LES AUBRAIS ORLEANS,LATOUR DE CAROL ENVEITG,2,0.21206896551724136
LES AUBRAIS ORLEANS,LATOUR DE CAROL ENVEITG,3,0.13620689655172413
LES AUBRAIS ORLEANS,LATOUR DE CAROL ENVEITG,4,0.07142857142857142
LES AUBRAIS ORLEANS,LATOUR DE CAROL ENVEITG,5,0.040740740740740744
LES AUBRAIS ORLEANS,LATOUR DE CAROL ENVEITG,6,0.032692307692307694
LES AUBRAIS ORLEANS,LATOUR DE CAROL ENVEITG,7,0.04038461538461539
LES AUBRAIS ORLEANS,LATOUR DE CAROL ENVEITG,8,0.03653846153846154
LES AUBRAIS ORLEANS,LATOUR DE CAROL ENVEITG,9,0.0019230769230769232
LES AUBRAIS ORLEANS,LATOUR DE CAROL ENVEITG,10,0.0
LES AUBRAIS ORLEANS,LATOUR DE CAROL ENVEITG,11,0.0
LES AUBRAIS ORLEANS,LATOUR DE CAROL ENVEITG,12,0.0
LES AUBRAIS ORLEANS,LATOUR DE CAROL ENVEITG,13,0.0
LES AUBRAIS ORLEANS,LATOUR DE CAROL ENVEITG,14,0.0
LES AUBRAIS ORLEANS,LATOUR DE CAROL ENVEITG,15,0.0
LES AUBRAIS ORLEANS,LATOUR DE CAROL ENVEITG,16,0.0
LES AUBRAIS ORLEANS,LATOUR DE CAROL ENVEITG,17,0.0
LES AUBRAIS ORLEANS,LATOUR DE CAROL ENVEITG,18,0.0
LES AUBRAIS ORLEANS,LATOUR DE CAROL ENVEITG,19,0.0
LES AUBRAIS ORLEANS,LATOUR DE CAROL ENVEITG,20,0.0
LES AUBRAIS ORLEANS,LATOUR DE CAROL ENVEITG,21,0.0
LES AUBRAIS ORLEANS,LATOUR DE CAROL ENVEITG,22,0.0
LES AUBRAIS ORLEANS,LATOUR DE CAROL ENVEITG,23,0.0
LES AUBRAIS ORLEANS,LATOUR DE CAROL ENVEITG,24,0.038461538461538464
LES AUBRAIS ORLEANS,LATOUR DE CAROL ENVEITG,25,0.038461538461538464
LES AUBRAIS ORLEANS,LATOUR DE CAROL ENVEITG,26,0.038461538461538464
LES AUBRAIS ORLEANS,LATOUR DE CAROL ENVEITG,27,0.038461538461538464
LES AUBRAIS ORLEANS,LATOUR DE CAROL ENVEITG,28,0.038461538461538464
LES AUBRAIS ORLEANS,LATOUR DE CAROL ENVEITG,29,0.038461538461538464
LES AUBRAIS ORLEANS,LATOUR DE CAROL ENVEITG,30,0.005769230769230769
LES AUBRAIS ORLEANS,LES CABANNES,0,0.9137931034482759
LES AUBRAIS ORLEANS,LES CABANNES,1,0.24655172413793106
LES AUBRAIS ORLEANS,LES CABANNES,2,0.20689655172413793
LES AUBRAIS ORLEANS,LES CABANNES,3,0.13620689655172413
LES AUBRAIS ORLEANS,LES CABANNES,4,0.075
LES AUBRAIS ORLEANS,LES CABANNES,5,0.040740740740740744
LES AUBRAIS ORLEANS,LES CABANNES,6,0.03076923076923077
LES AUBRAIS ORLEANS,LES CABANNES,7,0.038461538461538464
LES AUBRAIS ORLEANS,LES CABANNES,8,0.03461538461538462
LES AUBRAIS ORLEANS,LES CABANNES,9,0.0
LES AUBRAIS ORLEANS,LES CABANNES,10,0.0
LES AUBRAIS ORLEANS,LES CABANNES,11,0.0
LES AUBRAIS ORLEANS,LES CABANNES,12,0.0
LES AUBRAIS ORLEANS,LES CABANNES,13,0.0
LES AUBRAIS ORLEANS,LES CABANNES,14,0.0
LES AUBRAIS ORLEANS,LES CABANNES,15,0.0
LES AUBRAIS ORLEANS,LES CABANNES,16,0.0
LES AUBRAIS ORLEANS,LES CABANNES,17,0.0
LES AUBRAIS ORLEANS,LES CABANNES,18,0.0
LES AUBRAIS ORLEANS,LES CABANNES,19,0.0
LES AUBRAIS ORLEANS,LES CABANNES,20,0.0
LES AUBRAIS ORLEANS,LES CABANNES,21,0.0
LES AUBRAIS ORLEANS,LES CABANNES,22,0.0
LES AUBRAIS ORLEANS,LES CABANNES,23,0.0
LES AUBRAIS ORLEANS,LES CABANNES,24,0.038461538461538464
LES AUBRAIS ORLEANS,LES CABANNES,25,0.038461538461538464
LES AUBRAIS ORLEANS,LES CABANNES,26,0.038461538461538464
LES AUBRAIS ORLEANS,LES CABANNES,27,0.038461538461538464
LES AUBRAIS ORLEANS,LES CABANNES,28,0.038461538461538464
LES AUBRAIS ORLEANS,LES CABANNES,29,0.036538461538461534
LES AUBRAIS ORLEANS,LES CABANNES,30,0.0019230769230769232
LES AUBRAIS ORLEANS,LUZENAC GARANOU,0,0.8999999999999999
LES AUBRAIS ORLEANS,LUZENAC GARANOU,1,0.24655172413793106
LES AUBRAIS ORLEANS,LUZENAC GARANOU,2,0.20344827586206898
LES AUBRAIS ORLEANS,LUZENAC GARANOU,3,0.1396551724137931
LES AUBRAIS ORLEANS,LUZENAC GARANOU,4,0.07678571428571428
LES AUBRAIS ORLEANS,LUZENAC GARANOU,5,0.037037037037037035
LES AUBRAIS ORLEANS,LUZENAC GARANOU,6,0.026923076923076925
LES AUBRAIS ORLEANS,LUZENAC GARANOU,7,0.036538461538461534
LES AUBRAIS ORLEANS,LUZENAC GARANOU,8,0.038461538461538464
LES AUBRAIS ORLEANS,LUZENAC GARANOU,9,0.0019230769230769232
LES AUBRAIS ORLEANS,LUZENAC GARANOU,10,0.0
LES AUBRAIS ORLEANS,LUZENAC GARANOU,11,0.0
LES AUBRAIS ORLEANS,LUZENAC GARANOU,12,0.0
LES AUBRAIS ORLEANS,LUZENAC GARANOU,13,0.0
LES AUBRAIS ORLEANS,LUZENAC GARANOU,14,0.0
LES AUBRAIS ORLEANS,LUZENAC GARANOU,15,0.0
LES AUBRAIS ORLEANS,LUZENAC GARANOU,16,0.0
LES AUBRAIS ORLEANS,LUZENAC GARANOU,17,0.0
LES AUBRAIS ORLEANS,LUZENAC GARANOU,18,0.0
LES AUBRAIS ORLEANS,LUZENAC GARANOU,19,0.0
LES AUBRAIS ORLEANS,LUZENAC GARANOU,20,0.0
LES AUBRAIS ORLEANS,LUZENAC GARANOU,21,0.0
LES AUBRAIS ORLEANS,LUZENAC GARANOU,22,0.0
LES AUBRAIS ORLEANS,LUZENAC GARANOU,23,0.0
LES AUBRAIS ORLEANS,LUZENAC GARANOU,24,0.038461538461538464
LES AUBRAIS ORLEANS,LUZENAC GARANOU,25,0.038461538461538464
LES AUBRAIS ORLEANS,LUZENAC GARANOU,26,0.038461538461538464
LES AUBRAIS ORLEANS,LUZENAC GARANOU,27,0.038461538461538464
LES AUBRAIS ORLEANS,LUZENAC GARANOU,28,0.038461538461538464
LES AUBRAIS ORLEANS,LUZENAC GARANOU,29,0.038461538461538464
LES AUBRAIS ORLEANS,LUZENAC GARANOU,30,0.005769230769230769
LES AUBRAIS ORLEANS,MERENS LES VALS,0,0.9051724137931034
LES AUBRAIS ORLEANS,MERENS LES VALS,1,0.2482758620689655
LES AUBRAIS ORLEANS,MERENS LES VALS,2,0.21034482758620687
LES AUBRAIS ORLEANS,MERENS LES VALS,3,0.1396551724137931
LES AUBRAIS ORLEANS,MERENS LES VALS,4,0.0732142857142857
LES AUBRAIS ORLEANS,MERENS LES VALS,5,0.04259259259259259
LES AUBRAIS ORLEANS,MERENS LES VALS,6,0.02692307692307692
LES AUBRAIS ORLEANS,MERENS LES VALS,7,0.03461538461538462
LES AUBRAIS ORLEANS,MERENS LES VALS,8,0.036538461538461534
LES AUBRAIS ORLEANS,MERENS LES VALS,9,0.005769230769230769
LES AUBRAIS ORLEANS,MERENS LES VALS,10,0.0019230769230769232
LES AUBRAIS ORLEANS,MERENS LES VALS,11,0.0
LES AUBRAIS ORLEANS,MERENS LES VALS,12,0.0
LES AUBRAIS ORLEANS,MERENS LES VALS,13,0.0
LES AUBRAIS ORLEANS,MERENS LES VALS,14,0.0
LES AUBRAIS ORLEANS,MERENS LES VALS,15,0.0
LES AUBRAIS ORLEANS,MERENS LES VALS,16,0.0
LES AUBRAIS ORLEANS,MERENS LES VALS,17,0.0
LES AUBRAIS ORLEANS,MERENS LES VALS,18,0.0
LES AUBRAIS ORLEANS,MERENS LES VALS,19,0.0
LES AUBRAIS ORLEANS,MERENS LES VALS,20,0.0
LES AUBRAIS ORLEANS,MERENS LES VALS,21,0.0
LES AUBRAIS ORLEANS,MERENS LES VALS,22,0.0
LES AUBRAIS ORLEANS,MERENS LES VALS,23,0.0
LES AUBRAIS ORLEANS,MERENS LES VALS,24,0.038461538461538464
LES AUBRAIS ORLEANS,MERENS LES VALS,25,0.038461538461538464
LES AUBRAIS ORLEANS,MERENS LES VALS,26,0.038461538461538464
LES AUBRAIS ORLEANS,MERENS LES VALS,27,0.038461538461538464
LES AUBRAIS ORLEANS,MERENS LES VALS,28,0.038461538461538464
LES AUBRAIS ORLEANS,MERENS LES VALS,29,0.038461538461538464
LES AUBRAIS ORLEANS,MERENS LES VALS,30,0.007692307692307693
LES AUBRAIS ORLEANS,PAMIERS,0,0.903448275862069
LES AUBRAIS ORLEANS,PAMIERS,1,0.253448275862069
LES AUBRAIS ORLEANS,PAMIERS,2,0.20862068965517241
LES AUBRAIS ORLEANS,PAMIERS,3,0.14310344827586208
LES AUBRAIS ORLEANS,PAMIERS,4,0.07678571428571428
LES AUBRAIS ORLEANS,PAMIERS,5,0.03888888888888889
LES AUBRAIS ORLEANS,PAMIERS,6,0.03653846153846154
LES AUBRAIS ORLEANS,PAMIERS,7,0.0423076923076923
LES AUBRAIS ORLEANS,PAMIERS,8,0.03461538461538462
LES AUBRAIS ORLEANS,PAMIERS,9,0.0
LES AUBRAIS ORLEANS,PAMIERS,10,0.0
LES AUBRAIS ORLEANS,PAMIERS,11,0.0
LES AUBRAIS ORLEANS,PAMIERS,12,0.0
LES AUBRAIS ORLEANS,PAMIERS,13,0.0
LES AUBRAIS ORLEANS,PAMIERS,14,0.0
LES AUBRAIS ORLEANS,PAMIERS,15,0.0
LES AUBRAIS ORLEANS,PAMIERS,16,0.0
LES AUBRAIS ORLEANS,PAMIERS,17,0.0
LES AUBRAIS ORLEANS,PAMIERS,18,0.0
LES AUBRAIS ORLEANS,PAMIERS,19,0.0
LES AUBRAIS ORLEANS,PAMIERS,20,0.0
LES AUBRAIS ORLEANS,PAMIERS,21,0.0
LES AUBRAIS ORLEANS,PAMIERS,22,0.0
LES AUBRAIS ORLEANS,PAMIERS,23,0.0
LES AUBRAIS ORLEANS,PAMIERS,24,0.038461538461538464
LES AUBRAIS ORLEANS,PAMIERS,25,0.038461538461538464
LES AUBRAIS ORLEANS,PAMIERS,26,0.038461538461538464
LES AUBRAIS ORLEANS,PAMIERS,27,0.038461538461538464
LES AUBRAIS ORLEANS,PAMIERS,28,0.038461538461538464
LES AUBRAIS ORLEANS,PAMIERS,29,0.038461538461538464
LES AUBRAIS ORLEANS,PAMIERS,30,0.005769230769230769
LES AUBRAIS ORLEANS,PORTE PUYMORENS,0,0.9172413793103449
LES AUBRAIS ORLEANS,PORTE PUYMORENS,1,0.2413793103448276
LES AUBRAIS ORLEANS,PORTE PUYMORENS,2,0.2120689655172414
LES AUBRAIS ORLEANS,PORTE PUYMORENS,3,0.1396551724137931
LES AUBRAIS ORLEANS,PORTE PUYMORENS,4,0.07857142857142858
LES AUBRAIS ORLEANS,PORTE PUYMORENS,5,0.03888888888888889
LES AUBRAIS ORLEANS,PORTE PUYMORENS,6,0.03076923076923077
LES AUBRAIS ORLEANS,PORTE PUYMORENS,7,0.03076923076923077
LES AUBRAIS ORLEANS,PORTE PUYMORENS,8,0.03076923076923077
LES AUBRAIS ORLEANS,PORTE PUYMORENS,9,0.0038461538461538464
LES AUBRAIS ORLEANS,PORTE PUYMORENS,10,0.0
LES AUBRAIS ORLEANS,PORTE PUYMORENS,11,0.0
LES AUBRAIS ORLEANS,PORTE PUYMORENS,12,0.0
LES AUBRAIS ORLEANS,PORTE PUYMORENS,13,0.0
LES AUBRAIS ORLEANS,PORTE PUYMORENS,14,0.0
LES AUBRAIS ORLEANS,PORTE PUYMORENS,15,0.0
LES AUBRAIS ORLEANS,PORTE PUYMORENS,16,0.0
LES AUBRAIS ORLEANS,PORTE PUYMORENS,17,0.0
LES AUBRAIS ORLEANS,PORTE PUYMORENS,18,0.0
LES AUBRAIS ORLEANS,PORTE PUYMORENS,19,0.0
LES AUBRAIS ORLEANS,PORTE PUYMORENS,20,0.0
LES AUBRAIS ORLEANS,PORTE PUYMORENS,21,0.0
LES AUBRAIS ORLEANS,PORTE PUYMORENS,22,0.0
LES AUBRAIS ORLEANS,PORTE PUYMORENS,23,0.0
LES AUBRAIS ORLEANS,PORTE PUYMORENS,24,0.038461538461538464
LES AUBRAIS ORLEANS,PORTE PUYMORENS,25,0.038461538461538464
LES AUBRAIS ORLEANS,PORTE PUYMORENS,26,0.038461538461538464
LES AUBRAIS ORLEANS,PORTE PUYMORENS,27,0.038461538461538464
LES AUBRAIS ORLEANS,PORTE PUYMORENS,28,0.038461538461538464
LES AUBRAIS ORLEANS,PORTE PUYMORENS,29,0.038461538461538464
LES AUBRAIS ORLEANS,PORTE PUYMORENS,30,0.005769230769230769
LES AUBRAIS ORLEANS,SAVERDUN,0,0.9137931034482759
LES AUBRAIS ORLEANS,SAVERDUN,1,0.2517241379310345
LES AUBRAIS ORLEANS,SAVERDUN,2,0.2120689655172414
LES AUBRAIS ORLEANS,SAVERDUN,3,0.14310344827586208
LES AUBRAIS ORLEANS,SAVERDUN,4,0.0732142857142857
LES AUBRAIS ORLEANS,SAVERDUN,5,0.040740740740740744
LES AUBRAIS ORLEANS,SAVERDUN,6,0.025
LES AUBRAIS ORLEANS,SAVERDUN,7,0.03461538461538462
LES AUBRAIS ORLEANS,SAVERDUN,8,0.03461538461538462
LES AUBRAIS ORLEANS,SAVERDUN,9,0.0038461538461538464
LES AUBRAIS ORLEANS,SAVERDUN,10,0.0019230769230769232
LES AUBRAIS ORLEANS,SAVERDUN,11,0.0
LES AUBRAIS ORLEANS,SAVERDUN,12,0.0
LES AUBRAIS ORLEANS,SAVERDUN,13,0.0
LES AUBRAIS ORLEANS,SAVERDUN,14,0.0
LES AUBRAIS ORLEANS,SAVERDUN,15,0.0
LES AUBRAIS ORLEANS,SAVERDUN,16,0.0
LES AUBRAIS ORLEANS,SAVERDUN,17,0.0
LES AUBRAIS ORLEANS,SAVERDUN,18,0.0
LES AUBRAIS ORLEANS,SAVERDUN,19,0.0
LES AUBRAIS ORLEANS,SAVERDUN,20,0.0
LES AUBRAIS ORLEANS,SAVERDUN,21,0.0
LES AUBRAIS ORLEANS,SAVERDUN,22,0.0
LES AUBRAIS ORLEANS,SAVERDUN,23,0.0
LES AUBRAIS ORLEANS,SAVERDUN,24,0.038461538461538464
LES AUBRAIS ORLEANS,SAVERDUN,25,0.038461538461538464
LES AUBRAIS ORLEANS,SAVERDUN,26,0.038461538461538464
LES AUBRAIS ORLEANS,SAVERDUN,27,0.038461538461538464
LES AUBRAIS ORLEANS,SAVERDUN,28,0.036538461538461534
LES AUBRAIS ORLEANS,SAVERDUN,29,0.03461538461538462
LES AUBRAIS ORLEANS,SAVERDUN,30,0.0
LES AUBRAIS ORLEANS,TARASCON SUR ARIEGE,0,0.9086206896551723
LES AUBRAIS ORLEANS,TARASCON SUR ARIEGE,1,0.2517241379310345
LES AUBRAIS ORLEANS,TARASCON SUR ARIEGE,2,0.21034482758620687
LES AUBRAIS ORLEANS,TARASCON SUR ARIEGE,3,0.14137931034482756
LES AUBRAIS ORLEANS,TARASCON SUR ARIEGE,4,0.07857142857142858
LES AUBRAIS ORLEANS,TARASCON SUR ARIEGE,5,0.046296296296296294
LES AUBRAIS ORLEANS,TARASCON SUR ARIEGE,6,0.03076923076923077
LES AUBRAIS ORLEANS,TARASCON SUR ARIEGE,7,0.04230769230769231
LES AUBRAIS ORLEANS,TARASCON SUR ARIEGE,8,0.04038461538461539
LES AUBRAIS ORLEANS,TARASCON SUR ARIEGE,9,0.0
LES AUBRAIS ORLEANS,TARASCON SUR ARIEGE,10,0.0
LES AUBRAIS ORLEANS,TARASCON SUR ARIEGE,11,0.0
LES AUBRAIS ORLEANS,TARASCON SUR ARIEGE,12,0.0
LES AUBRAIS ORLEANS,TARASCON SUR ARIEGE,13,0.0
LES AUBRAIS ORLEANS,TARASCON SUR ARIEGE,14,0.0
LES AUBRAIS ORLEANS,TARASCON SUR ARIEGE,15,0.0
LES AUBRAIS ORLEANS,TARASCON SUR ARIEGE,16,0.0
LES AUBRAIS ORLEANS,TARASCON SUR ARIEGE,17,0.0
LES AUBRAIS ORLEANS,TARASCON SUR ARIEGE,18,0.0
LES AUBRAIS ORLEANS,TARASCON SUR ARIEGE,19,0.0
LES AUBRAIS ORLEANS,TARASCON SUR ARIEGE,20,0.0
LES AUBRAIS ORLEANS,TARASCON SUR ARIEGE,21,0.0
LES AUBRAIS ORLEANS,TARASCON SUR ARIEGE,22,0.0
LES AUBRAIS ORLEANS,TARASCON SUR ARIEGE,23,0.0
LES AUBRAIS ORLEANS,TARASCON SUR ARIEGE,24,0.038461538461538464
LES AUBRAIS ORLEANS,TARASCON SUR ARIEGE,25,0.036538461538461534
LES AUBRAIS ORLEANS,TARASCON SUR ARIEGE,26,0.036538461538461534
LES AUBRAIS ORLEANS,TARASCON SUR ARIEGE,27,0.036538461538461534
LES AUBRAIS ORLEANS,TARASCON SUR ARIEGE,28,0.03461538461538462
LES AUBRAIS ORLEANS,TARASCON SUR ARIEGE,29,0.036538461538461534
LES AUBRAIS ORLEANS,TARASCON SUR ARIEGE,30,0.007692307692307693
LES AUBRAIS ORLEANS,TOULOUSE MATABIAU,0,0.095
LES AUBRAIS ORLEANS,TOULOUSE MATABIAU,1,0.025
LES AUBRAIS ORLEANS,TOULOUSE MATABIAU,2,0.02
LES AUBRAIS ORLEANS,TOULOUSE MATABIAU,3,0.01
LES AUBRAIS ORLEANS,TOULOUSE MATABIAU,4,0.0
LES AUBRAIS ORLEANS,TOULOUSE MATABIAU,5,0.0
LES AUBRAIS ORLEANS,TOULOUSE MATABIAU,6,0.005
LES AUBRAIS ORLEANS,TOULOUSE MATABIAU,7,0.0
LES AUBRAIS ORLEANS,TOULOUSE MATABIAU,8,0.005
LES AUBRAIS ORLEANS,TOULOUSE MATABIAU,9,0.0
LES AUBRAIS ORLEANS,TOULOUSE MATABIAU,10,0.0
LES AUBRAIS ORLEANS,TOULOUSE MATABIAU,11,0.0
LES AUBRAIS ORLEANS,TOULOUSE MATABIAU,12,0.0
LES AUBRAIS ORLEANS,TOULOUSE MATABIAU,13,0.0
LES AUBRAIS ORLEANS,TOULOUSE MATABIAU,14,0.0
LES AUBRAIS ORLEANS,TOULOUSE MATABIAU,15,0.0
LES AUBRAIS ORLEANS,TOULOUSE MATABIAU,16,0.0
LES AUBRAIS ORLEANS,TOULOUSE MATABIAU,17,0.0
LES AUBRAIS ORLEANS,TOULOUSE MATABIAU,18,0.0
LES AUBRAIS ORLEANS,TOULOUSE MATABIAU,19,0.0
LES AUBRAIS ORLEANS,TOULOUSE MATABIAU,20,0.0
LES AUBRAIS ORLEANS,TOULOUSE MATABIAU,21,0.0
LES AUBRAIS ORLEANS,TOULOUSE MATABIAU,22,0.0
LES AUBRAIS ORLEANS,TOULOUSE MATABIAU,23,0.0
LES AUBRAIS ORLEANS,TOULOUSE MATABIAU,24,0.01
LES AUBRAIS ORLEANS,TOULOUSE MATABIAU,25,0.01
LES AUBRAIS ORLEANS,TOULOUSE MATABIAU,26,0.01
LES AUBRAIS ORLEANS,TOULOUSE MATABIAU,27,0.01
LES AUBRAIS ORLEANS,TOULOUSE MATABIAU,28,0.0
LES AUBRAIS ORLEANS,TOULOUSE MATABIAU,29,0.005
LES AUBRAIS ORLEANS,TOULOUSE MATABIAU,30,0.0
PARIS (intramuros),AUTERIVE,0,0.9017241379310345
PARIS (intramuros),AUTERIVE,1,0.24482758620689654
PARIS (intramuros),AUTERIVE,2,0.20689655172413793
PARIS (intramuros),AUTERIVE,3,0.14482758620689656
PARIS (intramuros),AUTERIVE,4,0.07142857142857142
PARIS (intramuros),AUTERIVE,5,0.037037037037037035
PARIS (intramuros),AUTERIVE,6,0.03461538461538462
PARIS (intramuros),AUTERIVE,7,0.03461538461538462
PARIS (intramuros),AUTERIVE,8,0.03653846153846154
PARIS (intramuros),AUTERIVE,9,0.005769230769230769
PARIS (intramuros),AUTERIVE,10,0.0
PARIS (intramuros),AUTERIVE,11,0.0
PARIS (intramuros),AUTERIVE,12,0.0
PARIS (intramuros),AUTERIVE,13,0.0
PARIS (intramuros),AUTERIVE,14,0.0
PARIS (intramuros),AUTERIVE,15,0.0
PARIS (intramuros),AUTERIVE,16,0.0
PARIS (intramuros),AUTERIVE,17,0.0
PARIS (intramuros),AUTERIVE,18,0.0
PARIS (intramuros),AUTERIVE,19,0.0
PARIS (intramuros),AUTERIVE,20,0.0
PARIS (intramuros),AUTERIVE,21,0.0
PARIS (intramuros),AUTERIVE,22,0.0
PARIS (intramuros),AUTERIVE,23,0.0
PARIS (intramuros),AUTERIVE,24,0.038461538461538464
PARIS (intramuros),AUTERIVE,25,0.038461538461538464
PARIS (intramuros),AUTERIVE,26,0.038461538461538464
PARIS (intramuros),AUTERIVE,27,0.038461538461538464
PARIS (intramuros),AUTERIVE,28,0.038461538461538464
PARIS (intramuros),AUTERIVE,29,0.038461538461538464
PARIS (intramuros),AUTERIVE,30,0.0019230769230769232
PARIS (intramuros),AX LES THERMES,0,0.9051724137931034
PARIS (intramuros),AX LES THERMES,1,0.2396551724137931
PARIS (intramuros),AX LES THERMES,2,0.20862068965517241
PARIS (intramuros),AX LES THERMES,3,0.13793103448275862
PARIS (intramuros),AX LES THERMES,4,0.07857142857142858
PARIS (intramuros),AX LES THERMES,5,0.044444444444444446
PARIS (intramuros),AX LES THERMES,6,0.036538461538461534
PARIS (intramuros),AX LES THERMES,7,0.04038461538461539
PARIS (intramuros),AX LES THERMES,8,0.038461538461538464
PARIS (intramuros),AX LES THERMES,9,0.0
PARIS (intramuros),AX LES THERMES,10,0.0
PARIS (intramuros),AX LES THERMES,11,0.0
PARIS (intramuros),AX LES THERMES,12,0.0
PARIS (intramuros),AX LES THERMES,13,0.0
PARIS (intramuros),AX LES THERMES,14,0.0
PARIS (intramuros),AX LES THERMES,15,0.0
PARIS (intramuros),AX LES THERMES,16,0.0
PARIS (intramuros),AX LES THERMES,17,0.0
PARIS (intramuros),AX LES THERMES,18,0.0
PARIS (intramuros),AX LES THERMES,19,0.0
PARIS (intramuros),AX LES THERMES,20,0.0
PARIS (intramuros),AX LES THERMES,21,0.0
PARIS (intramuros),AX LES THERMES,22,0.0
PARIS (intramuros),AX LES THERMES,23,0.0
PARIS (intramuros),AX LES THERMES,24,0.038461538461538464
PARIS (intramuros),AX LES THERMES,25,0.036538461538461534
PARIS (intramuros),AX LES THERMES,26,0.038461538461538464
PARIS (intramuros),AX LES THERMES,27,0.038461538461538464
PARIS (intramuros),AX LES THERMES,28,0.038461538461538464
PARIS (intramuros),AX LES THERMES,29,0.038461538461538464
PARIS (intramuros),AX LES THERMES,30,0.007692307692307693
PARIS (intramuros),FOIX,0,0.9103448275862068
PARIS (intramuros),FOIX,1,0.24482758620689654
PARIS (intramuros),FOIX,2,0.2189655172413793
PARIS (intramuros),FOIX,3,0.14137931034482756
PARIS (intramuros),FOIX,4,0.07678571428571428
PARIS (intramuros),FOIX,5,0.03888888888888889
PARIS (intramuros),FOIX,6,0.032692307692307694
PARIS (intramuros),FOIX,7,0.04038461538461539
PARIS (intramuros),FOIX,8,0.038461538461538464
PARIS (intramuros),FOIX,9,0.0019230769230769232
PARIS (intramuros),FOIX,10,0.0
PARIS (intramuros),FOIX,11,0.0
PARIS (intramuros),FOIX,12,0.0
PARIS (intramuros),FOIX,13,0.0
PARIS (intramuros),FOIX,14,0.0
PARIS (intramuros),FOIX,15,0.0
PARIS (intramuros),FOIX,16,0.0
PARIS (intramuros),FOIX,17,0.0
PARIS (intramuros),FOIX,18,0.0
PARIS (intramuros),FOIX,19,0.0
PARIS (intramuros),FOIX,20,0.0
PARIS (intramuros),FOIX,21,0.0
PARIS (intramuros),FOIX,22,0.0
PARIS (intramuros),FOIX,23,0.0
PARIS (intramuros),FOIX,24,0.036538461538461534
PARIS (intramuros),FOIX,25,0.038461538461538464
PARIS (intramuros),FOIX,26,0.038461538461538464
PARIS (intramuros),FOIX,27,0.038461538461538464
PARIS (intramuros),FOIX,28,0.038461538461538464
PARIS (intramuros),FOIX,29,0.038461538461538464
PARIS (intramuros),FOIX,30,0.005769230769230769
PARIS (intramuros),L'HOSPITALET PRES L'AND.,0,0.8982758620689656
PARIS (intramuros),L'HOSPITALET PRES L'AND.,1,0.24655172413793106
PARIS (intramuros),L'HOSPITALET PRES L'AND.,2,0.21034482758620687
PARIS (intramuros),L'HOSPITALET PRES L'AND.,3,0.14310344827586208
PARIS (intramuros),L'HOSPITALET PRES L'AND.,4,0.07678571428571428
PARIS (intramuros),L'HOSPITALET PRES L'AND.,5,0.040740740740740744
PARIS (intramuros),L'HOSPITALET PRES L'AND.,6,0.03461538461538462
PARIS (intramuros),L'HOSPITALET PRES L'AND.,7,0.04038461538461539
PARIS (intramuros),L'HOSPITALET PRES L'AND.,8,0.04038461538461539
PARIS (intramuros),L'HOSPITALET PRES L'AND.,9,0.005769230769230769
PARIS (intramuros),L'HOSPITALET PRES L'AND.,10,0.0
PARIS (intramuros),L'HOSPITALET PRES L'AND.,11,0.0
PARIS (intramuros),L'HOSPITALET PRES L'AND.,12,0.0
PARIS (intramuros),L'HOSPITALET PRES L'AND.,13,0.0
PARIS (intramuros),L'HOSPITALET PRES L'AND.,14,0.0
PARIS (intramuros),L'HOSPITALET PRES L'AND.,15,0.0
PARIS (intramuros),L'HOSPITALET PRES L'AND.,16,0.0
PARIS (intramuros),L'HOSPITALET PRES L'AND.,17,0.0
PARIS (intramuros),L'HOSPITALET PRES L'AND.,18,0.0
PARIS (intramuros),L'HOSPITALET PRES L'AND.,19,0.0
PARIS (intramuros),L'HOSPITALET PRES L'AND.,20,0.0
PARIS (intramuros),L'HOSPITALET PRES L'AND.,21,0.0
PARIS (intramuros),L'HOSPITALET PRES L'AND.,22,0.0
PARIS (intramuros),L'HOSPITALET PRES L'AND.,23,0.0
PARIS (intramuros),L'HOSPITALET PRES L'AND.,24,0.038461538461538464
PARIS (intramuros),L'HOSPITALET PRES L'AND.,25,0.038461538461538464
PARIS (intramuros),L'HOSPITALET PRES L'AND.,26,0.038461538461538464
PARIS (intramuros),L'HOSPITALET PRES L'AND.,27,0.038461538461538464
PARIS (intramuros),L'HOSPITALET PRES L'AND.,28,0.038461538461538464
PARIS (intramuros),L'HOSPITALET PRES L'AND.,29,0.036538461538461534
PARIS (intramuros),L'HOSPITALET PRES L'AND.,30,0.005769230769230769
PARIS (intramuros),LATOUR DE CAROL ENVEITG,0,0.9
PARIS (intramuros),LATOUR DE CAROL ENVEITG,1,0.2413793103448276
PARIS (intramuros),LATOUR DE CAROL ENVEITG,2,0.21551724137931033
PARIS (intramuros),LATOUR DE CAROL ENVEITG,3,0.14310344827586208
PARIS (intramuros),LATOUR DE CAROL ENVEITG,4,0.0732142857142857
PARIS (intramuros),LATOUR DE CAROL ENVEITG,5,0.040740740740740744
PARIS (intramuros),LATOUR DE CAROL ENVEITG,6,0.03076923076923077
PARIS (intramuros),LATOUR DE CAROL ENVEITG,7,0.044230769230769226
PARIS (intramuros),LATOUR DE CAROL ENVEITG,8,0.04038461538461539
PARIS (intramuros),LATOUR DE CAROL ENVEITG,9,0.007692307692307693
PARIS (intramuros),LATOUR DE CAROL ENVEITG,10,0.0019230769230769232
PARIS (intramuros),LATOUR DE CAROL ENVEITG,11,0.0
PARIS (intramuros),LATOUR DE CAROL ENVEITG,12,0.0
PARIS (intramuros),LATOUR DE CAROL ENVEITG,13,0.0
PARIS (intramuros),LATOUR DE CAROL ENVEITG,14,0.0
PARIS (intramuros),LATOUR DE CAROL ENVEITG,15,0.0
PARIS (intramuros),LATOUR DE CAROL ENVEITG,16,0.0
PARIS (intramuros),LATOUR DE CAROL ENVEITG,17,0.0
PARIS (intramuros),LATOUR DE CAROL ENVEITG,18,0.0
PARIS (intramuros),LATOUR DE CAROL ENVEITG,19,0.0
PARIS (intramuros),LATOUR DE CAROL ENVEITG,20,0.0
PARIS (intramuros),LATOUR DE CAROL ENVEITG,21,0.0
PARIS (intramuros),LATOUR DE CAROL ENVEITG,22,0.0
PARIS (intramuros),LATOUR DE CAROL ENVEITG,23,0.0
PARIS (intramuros),LATOUR DE CAROL ENVEITG,24,0.038461538461538464
PARIS (intramuros),LATOUR DE CAROL ENVEITG,25,0.038461538461538464
PARIS (intramuros),LATOUR DE CAROL ENVEITG,26,0.038461538461538464
PARIS (intramuros),LATOUR DE CAROL ENVEITG,27,0.038461538461538464
PARIS (intramuros),LATOUR DE CAROL ENVEITG,28,0.038461538461538464
PARIS (intramuros),LATOUR DE CAROL ENVEITG,29,0.036538461538461534
PARIS (intramuros),LATOUR DE CAROL ENVEITG,30,0.0038461538461538464
PARIS (intramuros),LES CABANNES,0,0.9051724137931034
PARIS (intramuros),LES CABANNES,1,0.2413793103448276
PARIS (intramuros),LES CABANNES,2,0.20689655172413793
PARIS (intramuros),LES CABANNES,3,0.13793103448275862
PARIS (intramuros),LES CABANNES,4,0.075
PARIS (intramuros),LES CABANNES,5,0.03888888888888889
PARIS (intramuros),LES CABANNES,6,0.03461538461538462
PARIS (intramuros),LES CABANNES,7,0.03076923076923077
PARIS (intramuros),LES CABANNES,8,0.03076923076923077
PARIS (intramuros),LES CABANNES,9,0.005769230769230769
PARIS (intramuros),LES CABANNES,10,0.0
PARIS (intramuros),LES CABANNES,11,0.0
PARIS (intramuros),LES CABANNES,12,0.0
PARIS (intramuros),LES CABANNES,13,0.0
PARIS (intramuros),LES CABANNES,14,0.0
PARIS (intramuros),LES CABANNES,15,0.0
PARIS (intramuros),LES CABANNES,16,0.0
PARIS (intramuros),LES CABANNES,17,0.0
PARIS (intramuros),LES CABANNES,18,0.0
PARIS (intramuros),LES CABANNES,19,0.0
PARIS (intramuros),LES CABANNES,20,0.0
PARIS (intramuros),LES CABANNES,21,0.0
PARIS (intramuros),LES CABANNES,22,0.0
PARIS (intramuros),LES CABANNES,23,0.0
PARIS (intramuros),LES CABANNES,24,0.038461538461538464
PARIS (intramuros),LES CABANNES,25,0.038461538461538464
PARIS (intramuros),LES CABANNES,26,0.038461538461538464
PARIS (intramuros),LES CABANNES,27,0.038461538461538464
PARIS (intramuros),LES CABANNES,28,0.036538461538461534
PARIS (intramuros),LES CABANNES,29,0.03461538461538462
PARIS (intramuros),LES CABANNES,30,0.0038461538461538464
PARIS (intramuros),LUZENAC GARANOU,0,0.9086206896551725
PARIS (intramuros),LUZENAC GARANOU,1,0.253448275862069
PARIS (intramuros),LUZENAC GARANOU,2,0.2120689655172414
PARIS (intramuros),LUZENAC GARANOU,3,0.1396551724137931
PARIS (intramuros),LUZENAC GARANOU,4,0.0732142857142857
PARIS (intramuros),LUZENAC GARANOU,5,0.03888888888888889
PARIS (intramuros),LUZENAC GARANOU,6,0.03076923076923077
PARIS (intramuros),LUZENAC GARANOU,7,0.038461538461538464
PARIS (intramuros),LUZENAC GARANOU,8,0.038461538461538464
PARIS (intramuros),LUZENAC GARANOU,9,0.01346153846153846
PARIS (intramuros),LUZENAC GARANOU,10,0.0038461538461538464
PARIS (intramuros),LUZENAC GARANOU,11,0.002
PARIS (intramuros),LUZENAC GARANOU,12,0.0
PARIS (intramuros),LUZENAC GARANOU,13,0.0
PARIS (intramuros),LUZENAC GARANOU,14,0.0
PARIS (intramuros),LUZENAC GARANOU,15,0.0
PARIS (intramuros),LUZENAC GARANOU,16,0.0
PARIS (intramuros),LUZENAC GARANOU,17,0.0
PARIS (intramuros),LUZENAC GARANOU,18,0.0
PARIS (intramuros),LUZENAC GARANOU,19,0.0
PARIS (intramuros),LUZENAC GARANOU,20,0.0
PARIS (intramuros),LUZENAC GARANOU,21,0.0
PARIS (intramuros),LUZENAC GARANOU,22,0.0
PARIS (intramuros),LUZENAC GARANOU,23,0.0
PARIS (intramuros),LUZENAC GARANOU,24,0.038461538461538464
PARIS (intramuros),LUZENAC GARANOU,25,0.038461538461538464
PARIS (intramuros),LUZENAC GARANOU,26,0.038461538461538464
PARIS (intramuros),LUZENAC GARANOU,27,0.038461538461538464
PARIS (intramuros),LUZENAC GARANOU,28,0.038461538461538464
PARIS (intramuros),LUZENAC GARANOU,29,0.036538461538461534
PARIS (intramuros),LUZENAC GARANOU,30,0.005769230769230769
PARIS (intramuros),MERENS LES VALS,0,0.8879310344827587
PARIS (intramuros),MERENS LES VALS,1,0.24655172413793106
PARIS (intramuros),MERENS LES VALS,2,0.21034482758620687
PARIS (intramuros),MERENS LES VALS,3,0.14137931034482756
PARIS (intramuros),MERENS LES VALS,4,0.075
PARIS (intramuros),MERENS LES VALS,5,0.044444444444444446
PARIS (intramuros),MERENS LES VALS,6,0.02884615384615385
PARIS (intramuros),MERENS LES VALS,7,0.04038461538461539
PARIS (intramuros),MERENS LES VALS,8,0.038461538461538464
PARIS (intramuros),MERENS LES VALS,9,0.007692307692307693
PARIS (intramuros),MERENS LES VALS,10,0.0038461538461538464
PARIS (intramuros),MERENS LES VALS,11,0.002
PARIS (intramuros),MERENS LES VALS,12,0.0
PARIS (intramuros),MERENS LES VALS,13,0.0
PARIS (intramuros),MERENS LES VALS,14,0.0
PARIS (intramuros),MERENS LES VALS,15,0.0
PARIS (intramuros),MERENS LES VALS,16,0.0
PARIS (intramuros),MERENS LES VALS,17,0.0
PARIS (intramuros),MERENS LES VALS,18,0.0
PARIS (intramuros),MERENS LES VALS,19,0.0
PARIS (intramuros),MERENS LES VALS,20,0.0
PARIS (intramuros),MERENS LES VALS,21,0.0
PARIS (intramuros),MERENS LES VALS,22,0.0
PARIS (intramuros),MERENS LES VALS,23,0.0
PARIS (intramuros),MERENS LES VALS,24,0.038461538461538464
PARIS (intramuros),MERENS LES VALS,25,0.038461538461538464
PARIS (intramuros),MERENS LES VALS,26,0.038461538461538464
PARIS (intramuros),MERENS LES VALS,27,0.038461538461538464
PARIS (intramuros),MERENS LES VALS,28,0.038461538461538464
PARIS (intramuros),MERENS LES VALS,29,0.038461538461538464
PARIS (intramuros),MERENS LES VALS,30,0.0038461538461538464
PARIS (intramuros),PAMIERS,0,0.8827586206896553
PARIS (intramuros),PAMIERS,1,0.2482758620689655
PARIS (intramuros),PAMIERS,2,0.20689655172413793
PARIS (intramuros),PAMIERS,3,0.14137931034482756
PARIS (intramuros),PAMIERS,4,0.075
PARIS (intramuros),PAMIERS,5,0.037037037037037035
PARIS (intramuros),PAMIERS,6,0.032692307692307694
PARIS (intramuros),PAMIERS,7,0.038461538461538464
PARIS (intramuros),PAMIERS,8,0.03461538461538462
PARIS (intramuros),PAMIERS,9,0.007692307692307693
PARIS (intramuros),PAMIERS,10,0.0019230769230769232
PARIS (intramuros),PAMIERS,11,0.002
PARIS (intramuros),PAMIERS,12,0.0
PARIS (intramuros),PAMIERS,13,0.0
PARIS (intramuros),PAMIERS,14,0.0
PARIS (intramuros),PAMIERS,15,0.0
PARIS (intramuros),PAMIERS,16,0.0
PARIS (intramuros),PAMIERS,17,0.0
PARIS (intramuros),PAMIERS,18,0.0
PARIS (intramuros),PAMIERS,19,0.0
PARIS (intramuros),PAMIERS,20,0.0
PARIS (intramuros),PAMIERS,21,0.0
PARIS (intramuros),PAMIERS,22,0.0
PARIS (intramuros),PAMIERS,23,0.0
PARIS (intramuros),PAMIERS,24,0.038461538461538464
PARIS (intramuros),PAMIERS,25,0.038461538461538464
PARIS (intramuros),PAMIERS,26,0.038461538461538464
PARIS (intramuros),PAMIERS,27,0.038461538461538464
PARIS (intramuros),PAMIERS,28,0.038461538461538464
PARIS (intramuros),PAMIERS,29,0.038461538461538464
PARIS (intramuros),PAMIERS,30,0.005769230769230769
PARIS (intramuros),PORTE PUYMORENS,0,0.9086206896551725
PARIS (intramuros),PORTE PUYMORENS,1,0.23793103448275862
PARIS (intramuros),PORTE PUYMORENS,2,0.20689655172413793
PARIS (intramuros),PORTE PUYMORENS,3,0.1396551724137931
PARIS (intramuros),PORTE PUYMORENS,4,0.07857142857142858
PARIS (intramuros),PORTE PUYMORENS,5,0.03888888888888889
PARIS (intramuros),PORTE PUYMORENS,6,0.03076923076923077
PARIS (intramuros),PORTE PUYMORENS,7,0.03461538461538462
PARIS (intramuros),PORTE PUYMORENS,8,0.03461538461538462
PARIS (intramuros),PORTE PUYMORENS,9,0.0019230769230769232
PARIS (intramuros),PORTE PUYMORENS,10,0.0
PARIS (intramuros),PORTE PUYMORENS,11,0.0
PARIS (intramuros),PORTE PUYMORENS,12,0.0
PARIS (intramuros),PORTE PUYMORENS,13,0.0
PARIS (intramuros),PORTE PUYMORENS,14,0.0
PARIS (intramuros),PORTE PUYMORENS,15,0.0
PARIS (intramuros),PORTE PUYMORENS,16,0.0
PARIS (intramuros),PORTE PUYMORENS,17,0.0
PARIS (intramuros),PORTE PUYMORENS,18,0.0
PARIS (intramuros),PORTE PUYMORENS,19,0.0
PARIS (intramuros),PORTE PUYMORENS,20,0.0
PARIS (intramuros),PORTE PUYMORENS,21,0.0
PARIS (intramuros),PORTE PUYMORENS,22,0.0
PARIS (intramuros),PORTE PUYMORENS,23,0.0
PARIS (intramuros),PORTE PUYMORENS,24,0.038461538461538464
PARIS (intramuros),PORTE PUYMORENS,25,0.038461538461538464
PARIS (intramuros),PORTE PUYMORENS,26,0.038461538461538464
PARIS (intramuros),PORTE PUYMORENS,27,0.038461538461538464
PARIS (intramuros),PORTE PUYMORENS,28,0.038461538461538464
PARIS (intramuros),PORTE PUYMORENS,29,0.036538461538461534
PARIS (intramuros),PORTE PUYMORENS,30,0.005769230769230769
PARIS (intramuros),SAVERDUN,0,0.9103448275862068
PARIS (intramuros),SAVERDUN,1,0.2413793103448276
PARIS (intramuros),SAVERDUN,2,0.20689655172413793
PARIS (intramuros),SAVERDUN,3,0.14310344827586208
PARIS (intramuros),SAVERDUN,4,0.0732142857142857
PARIS (intramuros),SAVERDUN,5,0.03888888888888889
PARIS (intramuros),SAVERDUN,6,0.032692307692307694
PARIS (intramuros),SAVERDUN,7,0.04038461538461539
PARIS (intramuros),SAVERDUN,8,0.04038461538461539
PARIS (intramuros),SAVERDUN,9,0.0038461538461538464
PARIS (intramuros),SAVERDUN,10,0.0
PARIS (intramuros),SAVERDUN,11,0.0
PARIS (intramuros),SAVERDUN,12,0.0
PARIS (intramuros),SAVERDUN,13,0.0
PARIS (intramuros),SAVERDUN,14,0.0
PARIS (intramuros),SAVERDUN,15,0.0
PARIS (intramuros),SAVERDUN,16,0.0
PARIS (intramuros),SAVERDUN,17,0.0
PARIS (intramuros),SAVERDUN,18,0.0
PARIS (intramuros),SAVERDUN,19,0.0
PARIS (intramuros),SAVERDUN,20,0.0
PARIS (intramuros),SAVERDUN,21,0.0
PARIS (intramuros),SAVERDUN,22,0.0
PARIS (intramuros),SAVERDUN,23,0.0
PARIS (intramuros),SAVERDUN,24,0.038461538461538464
PARIS (intramuros),SAVERDUN,25,0.038461538461538464
PARIS (intramuros),SAVERDUN,26,0.038461538461538464
PARIS (intramuros),SAVERDUN,27,0.036538461538461534
PARIS (intramuros),SAVERDUN,28,0.036538461538461534
PARIS (intramuros),SAVERDUN,29,0.036538461538461534
PARIS (intramuros),SAVERDUN,30,0.0019230769230769232
PARIS (intramuros),TARASCON SUR ARIEGE,0,0.906896551724138
PARIS (intramuros),TARASCON SUR ARIEGE,1,0.2310344827586207
PARIS (intramuros),TARASCON SUR ARIEGE,2,0.21034482758620687
PARIS (intramuros),TARASCON SUR ARIEGE,3,0.14482758620689656
PARIS (intramuros),TARASCON SUR ARIEGE,4,0.0732142857142857
PARIS (intramuros),TARASCON SUR ARIEGE,5,0.040740740740740744
PARIS (intramuros),TARASCON SUR ARIEGE,6,0.026923076923076925
PARIS (intramuros),TARASCON SUR ARIEGE,7,0.03461538461538462
PARIS (intramuros),TARASCON SUR ARIEGE,8,0.03461538461538462
PARIS (intramuros),TARASCON SUR ARIEGE,9,0.0
PARIS (intramuros),TARASCON SUR ARIEGE,10,0.0
PARIS (intramuros),TARASCON SUR ARIEGE,11,0.0
PARIS (intramuros),TARASCON SUR ARIEGE,12,0.0
PARIS (intramuros),TARASCON SUR ARIEGE,13,0.0
PARIS (intramuros),TARASCON SUR ARIEGE,14,0.0
PARIS (intramuros),TARASCON SUR ARIEGE,15,0.0
PARIS (intramuros),TARASCON SUR ARIEGE,16,0.0
PARIS (intramuros),TARASCON SUR ARIEGE,17,0.0
PARIS (intramuros),TARASCON SUR ARIEGE,18,0.0
PARIS (intramuros),TARASCON SUR ARIEGE,19,0.0
PARIS (intramuros),TARASCON SUR ARIEGE,20,0.0
PARIS (intramuros),TARASCON SUR ARIEGE,21,0.0
PARIS (intramuros),TARASCON SUR ARIEGE,22,0.0
PARIS (intramuros),TARASCON SUR ARIEGE,23,0.0
PARIS (intramuros),TARASCON SUR ARIEGE,24,0.038461538461538464
PARIS (intramuros),TARASCON SUR ARIEGE,25,0.038461538461538464
PARIS (intramuros),TARASCON SUR ARIEGE,26,0.038461538461538464
PARIS (intramuros),TARASCON SUR ARIEGE,27,0.038461538461538464
PARIS (intramuros),TARASCON SUR ARIEGE,28,0.036538461538461534
PARIS (intramuros),TARASCON SUR ARIEGE,29,0.036538461538461534
PARIS (intramuros),TARASCON SUR ARIEGE,30,0.005769230769230769
PARIS (intramuros),TOULOUSE MATABIAU,0,0.09
PARIS (intramuros),TOULOUSE MATABIAU,1,0.05
PARIS (intramuros),TOULOUSE MATABIAU,2,0.03
PARIS (intramuros),TOULOUSE MATABIAU,3,0.015
PARIS (intramuros),TOULOUSE MATABIAU,4,0.0
PARIS (intramuros),TOULOUSE MATABIAU,5,0.0
PARIS (intramuros),TOULOUSE MATABIAU,6,0.005
PARIS (intramuros),TOULOUSE MATABIAU,7,0.015
PARIS (intramuros),TOULOUSE MATABIAU,8,0.02
PARIS (intramuros),TOULOUSE MATABIAU,9,0.0
PARIS (intramuros),TOULOUSE MATABIAU,10,0.0
PARIS (intramuros),TOULOUSE MATABIAU,11,0.0
PARIS (intramuros),TOULOUSE MATABIAU,12,0.0
PARIS (intramuros),TOULOUSE MATABIAU,13,0.0
PARIS (intramuros),TOULOUSE MATABIAU,14,0.0
PARIS (intramuros),TOULOUSE MATABIAU,15,0.0
PARIS (intramuros),TOULOUSE MATABIAU,16,0.0
PARIS (intramuros),TOULOUSE MATABIAU,17,0.0
PARIS (intramuros),TOULOUSE MATABIAU,18,0.0
PARIS (intramuros),TOULOUSE MATABIAU,19,0.0
PARIS (intramuros),TOULOUSE MATABIAU,20,0.0
PARIS (intramuros),TOULOUSE MATABIAU,21,0.0
PARIS (intramuros),TOULOUSE MATABIAU,22,0.0
PARIS (intramuros),TOULOUSE MATABIAU,23,0.0
PARIS (intramuros),TOULOUSE MATABIAU,24,0.0
PARIS (intramuros),TOULOUSE MATABIAU,25,0.005
PARIS (intramuros),TOULOUSE MATABIAU,26,0.005
PARIS (intramuros),TOULOUSE MATABIAU,27,0.005
PARIS (intramuros),TOULOUSE MATABIAU,28,0.0
PARIS (intramuros),TOULOUSE MATABIAU,29,0.005
PARIS (intramuros),TOULOUSE MATABIAU,30,0.0
TOULOUSE MATABIAU,AUTERIVE,0,0.016666666666666666
TOULOUSE MATABIAU,AUTERIVE,1,0.0
TOULOUSE MATABIAU,AUTERIVE,2,0.0
TOULOUSE MATABIAU,AUTERIVE,3,0.0
TOULOUSE MATABIAU,AUTERIVE,4,0.0
TOULOUSE MATABIAU,AUTERIVE,5,0.0
TOULOUSE MATABIAU,AUTERIVE,6,0.0
TOULOUSE MATABIAU,AUTERIVE,7,0.0
TOULOUSE MATABIAU,AUTERIVE,8,0.0
TOULOUSE MATABIAU,AUTERIVE,9,0.0
TOULOUSE MATABIAU,AUTERIVE,10,0.0
TOULOUSE MATABIAU,AUTERIVE,11,0.0
TOULOUSE MATABIAU,AUTERIVE,12,0.0
TOULOUSE MATABIAU,AUTERIVE,13,0.0
TOULOUSE MATABIAU,AUTERIVE,14,0.0
TOULOUSE MATABIAU,AUTERIVE,15,0.0
TOULOUSE MATABIAU,AUTERIVE,16,0.0
TOULOUSE MATABIAU,AUTERIVE,17,0.0
TOULOUSE MATABIAU,AUTERIVE,18,0.0
TOULOUSE MATABIAU,AUTERIVE,19,0.0
TOULOUSE MATABIAU,AUTERIVE,20,0.0
TOULOUSE MATABIAU,AUTERIVE,21,0.0
TOULOUSE MATABIAU,AUTERIVE,22,0.0
TOULOUSE MATABIAU,AUTERIVE,23,0.0
TOULOUSE MATABIAU,AUTERIVE,24,0.0
TOULOUSE MATABIAU,AUTERIVE,25,0.0
TOULOUSE MATABIAU,AUTERIVE,26,0.0
TOULOUSE MATABIAU,AUTERIVE,27,0.0
TOULOUSE MATABIAU,AUTERIVE,28,0.0
TOULOUSE MATABIAU,AUTERIVE,29,0.0
TOULOUSE MATABIAU,AUTERIVE,30,0.0
TOULOUSE MATABIAU,AX LES THERMES,0,0.05000000000000001
TOULOUSE MATABIAU,AX LES THERMES,1,0.0
TOULOUSE MATABIAU,AX LES THERMES,2,0.0
TOULOUSE MATABIAU,AX LES THERMES,3,0.0
TOULOUSE MATABIAU,AX LES THERMES,4,0.0
TOULOUSE MATABIAU,AX LES THERMES,5,0.0
TOULOUSE MATABIAU,AX LES THERMES,6,0.0
TOULOUSE MATABIAU,AX LES THERMES,7,0.0
TOULOUSE MATABIAU,AX LES THERMES,8,0.0
TOULOUSE MATABIAU,AX LES THERMES,9,0.0
TOULOUSE MATABIAU,AX LES THERMES,10,0.0
TOULOUSE MATABIAU,AX LES THERMES,11,0.0
TOULOUSE MATABIAU,AX LES THERMES,12,0.0
TOULOUSE MATABIAU,AX LES THERMES,13,0.0
TOULOUSE MATABIAU,AX LES THERMES,14,0.0
TOULOUSE MATABIAU,AX LES THERMES,15,0.0
TOULOUSE MATABIAU,AX LES THERMES,16,0.0
TOULOUSE MATABIAU,AX LES THERMES,17,0.0
TOULOUSE MATABIAU,AX LES THERMES,18,0.0
TOULOUSE MATABIAU,AX LES THERMES,19,0.0
TOULOUSE MATABIAU,AX LES THERMES,20,0.0
TOULOUSE MATABIAU,AX LES THERMES,21,0.0
TOULOUSE MATABIAU,AX LES THERMES,22,0.0
TOULOUSE MATABIAU,AX LES THERMES,23,0.0
TOULOUSE MATABIAU,AX LES THERMES,24,0.0125
TOULOUSE MATABIAU,AX LES THERMES,25,0.0
TOULOUSE MATABIAU,AX LES THERMES,26,0.0
TOULOUSE MATABIAU,AX LES THERMES,27,0.0
TOULOUSE MATABIAU,AX LES THERMES,28,0.0
TOULOUSE MATABIAU,AX LES THERMES,29,0.0
TOULOUSE MATABIAU,AX LES THERMES,30,0.0
TOULOUSE MATABIAU,FOIX,0,0.0
TOULOUSE MATABIAU,FOIX,1,0.03333333333333333
TOULOUSE MATABIAU,FOIX,2,0.03333333333333333
TOULOUSE MATABIAU,FOIX,3,0.0
TOULOUSE MATABIAU,FOIX,4,0.0
TOULOUSE MATABIAU,FOIX,5,0.0
TOULOUSE MATABIAU,FOIX,6,0.0
TOULOUSE MATABIAU,FOIX,7,0.0
TOULOUSE MATABIAU,FOIX,8,0.0
TOULOUSE MATABIAU,FOIX,9,0.0
TOULOUSE MATABIAU,FOIX,10,0.0
TOULOUSE MATABIAU,FOIX,11,0.0
TOULOUSE MATABIAU,FOIX,12,0.0
TOULOUSE MATABIAU,FOIX,13,0.0
TOULOUSE MATABIAU,FOIX,14,0.0
TOULOUSE MATABIAU,FOIX,15,0.0
TOULOUSE MATABIAU,FOIX,16,0.0
TOULOUSE MATABIAU,FOIX,17,0.0
TOULOUSE MATABIAU,FOIX,18,0.0
TOULOUSE MATABIAU,FOIX,19,0.0
TOULOUSE MATABIAU,FOIX,20,0.0
TOULOUSE MATABIAU,FOIX,21,0.0
TOULOUSE MATABIAU,FOIX,22,0.0
TOULOUSE MATABIAU,FOIX,23,0.0
TOULOUSE MATABIAU,FOIX,24,0.0
TOULOUSE MATABIAU,FOIX,25,0.0
TOULOUSE MATABIAU,FOIX,26,0.0125
TOULOUSE MATABIAU,FOIX,27,0.0125
TOULOUSE MATABIAU,FOIX,28,0.0
TOULOUSE MATABIAU,FOIX,29,0.0
TOULOUSE MATABIAU,FOIX,30,0.0
TOULOUSE MATABIAU,L'HOSPITALET PRES L'AND.,0,0.0
TOULOUSE MATABIAU,L'HOSPITALET PRES L'AND.,1,0.0
TOULOUSE MATABIAU,L'HOSPITALET PRES L'AND.,2,0.016666666666666666
TOULOUSE MATABIAU,L'HOSPITALET PRES L'AND.,3,0.0
TOULOUSE MATABIAU,L'HOSPITALET PRES L'AND.,4,0.0
TOULOUSE MATABIAU,L'HOSPITALET PRES L'AND.,5,0.0
TOULOUSE MATABIAU,L'HOSPITALET PRES L'AND.,6,0.0
TOULOUSE MATABIAU,L'HOSPITALET PRES L'AND.,7,0.0
TOULOUSE MATABIAU,L'HOSPITALET PRES L'AND.,8,0.0
TOULOUSE MATABIAU,L'HOSPITALET PRES L'AND.,9,0.0
TOULOUSE MATABIAU,L'HOSPITALET PRES L'AND.,10,0.0
TOULOUSE MATABIAU,L'HOSPITALET PRES L'AND.,11,0.0
TOULOUSE MATABIAU,L'HOSPITALET PRES L'AND.,12,0.0
TOULOUSE MATABIAU,L'HOSPITALET PRES L'AND.,13,0.0
TOULOUSE MATABIAU,L'HOSPITALET PRES L'AND.,14,0.0
TOULOUSE MATABIAU,L'HOSPITALET PRES L'AND.,15,0.0
TOULOUSE MATABIAU,L'HOSPITALET PRES L'AND.,16,0.0
TOULOUSE MATABIAU,L'HOSPITALET PRES L'AND.,17,0.0
TOULOUSE MATABIAU,L'HOSPITALET PRES L'AND.,18,0.0
TOULOUSE MATABIAU,L'HOSPITALET PRES L'AND.,19,0.0
TOULOUSE MATABIAU,L'HOSPITALET PRES L'AND.,20,0.0
TOULOUSE MATABIAU,L'HOSPITALET PRES L'AND.,21,0.0
TOULOUSE MATABIAU,L'HOSPITALET PRES L'AND.,22,0.0
TOULOUSE MATABIAU,L'HOSPITALET PRES L'AND.,23,0.0
TOULOUSE MATABIAU,L'HOSPITALET PRES L'AND.,24,0.0125
TOULOUSE MATABIAU,L'HOSPITALET PRES L'AND.,25,0.0125
TOULOUSE MATABIAU,L'HOSPITALET PRES L'AND.,26,0.0125
TOULOUSE MATABIAU,L'HOSPITALET PRES L'AND.,27,0.0125
TOULOUSE MATABIAU,L'HOSPITALET PRES L'AND.,28,0.0
TOULOUSE MATABIAU,L'HOSPITALET PRES L'AND.,29,0.0
TOULOUSE MATABIAU,L'HOSPITALET PRES L'AND.,30,0.0
TOULOUSE MATABIAU,LATOUR DE CAROL ENVEITG,0,0.03333333333333333
TOULOUSE MATABIAU,LATOUR DE CAROL ENVEITG,1,0.0
TOULOUSE MATABIAU,LATOUR DE CAROL ENVEITG,2,0.0
TOULOUSE MATABIAU,LATOUR DE CAROL ENVEITG,3,0.0
TOULOUSE MATABIAU,LATOUR DE CAROL ENVEITG,4,0.0
TOULOUSE MATABIAU,LATOUR DE CAROL ENVEITG,5,0.0
TOULOUSE MATABIAU,LATOUR DE CAROL ENVEITG,6,0.0
TOULOUSE MATABIAU,LATOUR DE CAROL ENVEITG,7,0.0
TOULOUSE MATABIAU,LATOUR DE CAROL ENVEITG,8,0.0
TOULOUSE MATABIAU,LATOUR DE CAROL ENVEITG,9,0.0
TOULOUSE MATABIAU,LATOUR DE CAROL ENVEITG,10,0.0
TOULOUSE MATABIAU,LATOUR DE CAROL ENVEITG,11,0.0
TOULOUSE MATABIAU,LATOUR DE CAROL ENVEITG,12,0.0
TOULOUSE MATABIAU,LATOUR DE CAROL ENVEITG,13,0.0
TOULOUSE MATABIAU,LATOUR DE CAROL ENVEITG,14,0.0
TOULOUSE MATABIAU,LATOUR DE CAROL ENVEITG,15,0.0
TOULOUSE MATABIAU,LATOUR DE CAROL ENVEITG,16,0.0
TOULOUSE MATABIAU,LATOUR DE CAROL ENVEITG,17,0.0
TOULOUSE MATABIAU,LATOUR DE CAROL ENVEITG,18,0.0
TOULOUSE MATABIAU,LATOUR DE CAROL ENVEITG,19,0.0
TOULOUSE MATABIAU,LATOUR DE CAROL ENVEITG,20,0.0
TOULOUSE MATABIAU,LATOUR DE CAROL ENVEITG,21,0.0
TOULOUSE MATABIAU,LATOUR DE CAROL ENVEITG,22,0.0
TOULOUSE MATABIAU,LATOUR DE CAROL ENVEITG,23,0.0
TOULOUSE MATABIAU,LATOUR DE CAROL ENVEITG,24,0.0
TOULOUSE MATABIAU,LATOUR DE CAROL ENVEITG,25,0.0
TOULOUSE MATABIAU,LATOUR DE CAROL ENVEITG,26,0.0
TOULOUSE MATABIAU,LATOUR DE CAROL ENVEITG,27,0.0
TOULOUSE MATABIAU,LATOUR DE CAROL ENVEITG,28,0.0
TOULOUSE MATABIAU,LATOUR DE CAROL ENVEITG,29,0.0
TOULOUSE MATABIAU,LATOUR DE CAROL ENVEITG,30,0.0
TOULOUSE MATABIAU,LES CABANNES,0,0.0
TOULOUSE MATABIAU,LES CABANNES,1,0.016666666666666666
TOULOUSE MATABIAU,LES CABANNES,2,0.016666666666666666
TOULOUSE MATABIAU,LES CABANNES,3,0.0
TOULOUSE MATABIAU,LES CABANNES,4,0.0
TOULOUSE MATABIAU,LES CABANNES,5,0.0
TOULOUSE MATABIAU,LES CABANNES,6,0.0
TOULOUSE MATABIAU,LES CABANNES,7,0.0
TOULOUSE MATABIAU,LES CABANNES,8,0.0
TOULOUSE MATABIAU,LES CABANNES,9,0.0
TOULOUSE MATABIAU,LES CABANNES,10,0.0
TOULOUSE MATABIAU,LES CABANNES,11,0.0
TOULOUSE MATABIAU,LES CABANNES,12,0.0
TOULOUSE MATABIAU,LES CABANNES,13,0.0
TOULOUSE MATABIAU,LES CABANNES,14,0.0
TOULOUSE MATABIAU,LES CABANNES,15,0.0
TOULOUSE MATABIAU,LES CABANNES,16,0.0
TOULOUSE MATABIAU,LES CABANNES,17,0.0
TOULOUSE MATABIAU,LES CABANNES,18,0.0
TOULOUSE MATABIAU,LES CABANNES,19,0.0
TOULOUSE MATABIAU,LES CABANNES,20,0.0
TOULOUSE MATABIAU,LES CABANNES,21,0.0
TOULOUSE MATABIAU,LES CABANNES,22,0.0
TOULOUSE MATABIAU,LES CABANNES,23,0.0
TOULOUSE MATABIAU,LES CABANNES,24,0.0
TOULOUSE MATABIAU,LES CABANNES,25,0.0
TOULOUSE MATABIAU,LES CABANNES,26,0.0
TOULOUSE MATABIAU,LES CABANNES,27,0.0
TOULOUSE MATABIAU,LES CABANNES,28,0.0
TOULOUSE MATABIAU,LES CABANNES,29,0.0
TOULOUSE MATABIAU,LES CABANNES,30,0.0
TOULOUSE MATABIAU,LUZENAC GARANOU,0,0.016666666666666666
TOULOUSE MATABIAU,LUZENAC GARANOU,1,0.0
TOULOUSE MATABIAU,LUZENAC GARANOU,2,0.016666666666666666
TOULOUSE MATABIAU,LUZENAC GARANOU,3,0.016666666666666666
TOULOUSE MATABIAU,LUZENAC GARANOU,4,0.0
TOULOUSE MATABIAU,LUZENAC GARANOU,5,0.0
TOULOUSE MATABIAU,LUZENAC GARANOU,6,0.0
TOULOUSE MATABIAU,LUZENAC GARANOU,7,0.0
TOULOUSE MATABIAU,LUZENAC GARANOU,8,0.0
TOULOUSE MATABIAU,LUZENAC GARANOU,9,0.0
TOULOUSE MATABIAU,LUZENAC GARANOU,10,0.0
TOULOUSE MATABIAU,LUZENAC GARANOU,11,0.0
TOULOUSE MATABIAU,LUZENAC GARANOU,12,0.0
TOULOUSE MATABIAU,LUZENAC GARANOU,13,0.0
TOULOUSE MATABIAU,LUZENAC GARANOU,14,0.0
TOULOUSE MATABIAU,LUZENAC GARANOU,15,0.0
TOULOUSE MATABIAU,LUZENAC GARANOU,16,0.0
TOULOUSE MATABIAU,LUZENAC GARANOU,17,0.0
TOULOUSE MATABIAU,LUZENAC GARANOU,18,0.0
TOULOUSE MATABIAU,LUZENAC GARANOU,19,0.0
TOULOUSE MATABIAU,LUZENAC GARANOU,20,0.0
TOULOUSE MATABIAU,LUZENAC GARANOU,21,0.0
TOULOUSE MATABIAU,LUZENAC GARANOU,22,0.0
TOULOUSE MATABIAU,LUZENAC GARANOU,23,0.0
TOULOUSE MATABIAU,LUZENAC GARANOU,24,0.0
TOULOUSE MATABIAU,LUZENAC GARANOU,25,0.0
TOULOUSE MATABIAU,LUZENAC GARANOU,26,0.0
TOULOUSE MATABIAU,LUZENAC GARANOU,27,0.0
TOULOUSE MATABIAU,LUZENAC GARANOU,28,0.0
TOULOUSE MATABIAU,LUZENAC GARANOU,29,0.0
TOULOUSE MATABIAU,LUZENAC GARANOU,30,0.0
TOULOUSE MATABIAU,MERENS LES VALS,0,0.0
TOULOUSE MATABIAU,MERENS LES VALS,1,0.016666666666666666
TOULOUSE MATABIAU,MERENS LES VALS,2,0.016666666666666666
TOULOUSE MATABIAU,MERENS LES VALS,3,0.0
TOULOUSE MATABIAU,MERENS LES VALS,4,0.0
TOULOUSE MATABIAU,MERENS LES VALS,5,0.0
TOULOUSE MATABIAU,MERENS LES VALS,6,0.0
TOULOUSE MATABIAU,MERENS LES VALS,7,0.0
TOULOUSE MATABIAU,MERENS LES VALS,8,0.0
TOULOUSE MATABIAU,MERENS LES VALS,9,0.0
TOULOUSE MATABIAU,MERENS LES VALS,10,0.0
TOULOUSE MATABIAU,MERENS LES VALS,11,0.0
TOULOUSE MATABIAU,MERENS LES VALS,12,0.0
TOULOUSE MATABIAU,MERENS LES VALS,13,0.0
TOULOUSE MATABIAU,MERENS LES VALS,14,0.0
TOULOUSE MATABIAU,MERENS LES VALS,15,0.0
TOULOUSE MATABIAU,MERENS LES VALS,16,0.0
TOULOUSE MATABIAU,MERENS LES VALS,17,0.0
TOULOUSE MATABIAU,MERENS LES VALS,18,0.0
TOULOUSE MATABIAU,MERENS LES VALS,19,0.0
TOULOUSE MATABIAU,MERENS LES VALS,20,0.0
TOULOUSE MATABIAU,MERENS LES VALS,21,0.0
TOULOUSE MATABIAU,MERENS LES VALS,22,0.0
TOULOUSE MATABIAU,MERENS LES VALS,23,0.0
TOULOUSE MATABIAU,MERENS LES VALS,24,0.0
TOULOUSE MATABIAU,MERENS LES VALS,25,0.0
TOULOUSE MATABIAU,MERENS LES VALS,26,0.0
TOULOUSE MATABIAU,MERENS LES VALS,27,0.0
TOULOUSE MATABIAU,MERENS LES VALS,28,0.0
TOULOUSE MATABIAU,MERENS LES VALS,29,0.0
TOULOUSE MATABIAU,MERENS LES VALS,30,0.0
TOULOUSE MATABIAU,PAMIERS,0,0.016666666666666666
TOULOUSE MATABIAU,PAMIERS,1,0.0
TOULOUSE MATABIAU,PAMIERS,2,0.0
TOULOUSE MATABIAU,PAMIERS,3,0.0
TOULOUSE MATABIAU,PAMIERS,4,0.0
TOULOUSE MATABIAU,PAMIERS,5,0.0
TOULOUSE MATABIAU,PAMIERS,6,0.0
TOULOUSE MATABIAU,PAMIERS,7,0.0
TOULOUSE MATABIAU,PAMIERS,8,0.0
TOULOUSE MATABIAU,PAMIERS,9,0.0
TOULOUSE MATABIAU,PAMIERS,10,0.0
TOULOUSE MATABIAU,PAMIERS,11,0.0
TOULOUSE MATABIAU,PAMIERS,12,0.0
TOULOUSE MATABIAU,PAMIERS,13,0.0
TOULOUSE MATABIAU,PAMIERS,14,0.0
TOULOUSE MATABIAU,PAMIERS,15,0.0
TOULOUSE MATABIAU,PAMIERS,16,0.0
TOULOUSE MATABIAU,PAMIERS,17,0.0
TOULOUSE MATABIAU,PAMIERS,18,0.0
TOULOUSE MATABIAU,PAMIERS,19,0.0
TOULOUSE MATABIAU,PAMIERS,20,0.0
TOULOUSE MATABIAU,PAMIERS,21,0.0
TOULOUSE MATABIAU,PAMIERS,22,0.0
TOULOUSE MATABIAU,PAMIERS,23,0.0
TOULOUSE MATABIAU,PAMIERS,24,0.0
TOULOUSE MATABIAU,PAMIERS,25,0.0
TOULOUSE MATABIAU,PAMIERS,26,0.0
TOULOUSE MATABIAU,PAMIERS,27,0.0
TOULOUSE MATABIAU,PAMIERS,28,0.0
TOULOUSE MATABIAU,PAMIERS,29,0.0
TOULOUSE MATABIAU,PAMIERS,30,0.0
TOULOUSE MATABIAU,PORTE PUYMORENS,0,0.03333333333333333
TOULOUSE MATABIAU,PORTE PUYMORENS,1,0.0
TOULOUSE MATABIAU,PORTE PUYMORENS,2,0.0
TOULOUSE MATABIAU,PORTE PUYMORENS,3,0.0
TOULOUSE MATABIAU,PORTE PUYMORENS,4,0.0
TOULOUSE MATABIAU,PORTE PUYMORENS,5,0.0
TOULOUSE MATABIAU,PORTE PUYMORENS,6,0.0
TOULOUSE MATABIAU,PORTE PUYMORENS,7,0.0
TOULOUSE MATABIAU,PORTE PUYMORENS,8,0.0
TOULOUSE MATABIAU,PORTE PUYMORENS,9,0.0
TOULOUSE MATABIAU,PORTE PUYMORENS,10,0.0
TOULOUSE MATABIAU,PORTE PUYMORENS,11,0.0
TOULOUSE MATABIAU,PORTE PUYMORENS,12,0.0
TOULOUSE MATABIAU,PORTE PUYMORENS,13,0.0
TOULOUSE MATABIAU,PORTE PUYMORENS,14,0.0
TOULOUSE MATABIAU,PORTE PUYMORENS,15,0.0
TOULOUSE MATABIAU,PORTE PUYMORENS,16,0.0
TOULOUSE MATABIAU,PORTE PUYMORENS,17,0.0
TOULOUSE MATABIAU,PORTE PUYMORENS,18,0.0
TOULOUSE MATABIAU,PORTE PUYMORENS,19,0.0
TOULOUSE MATABIAU,PORTE PUYMORENS,20,0.0
TOULOUSE MATABIAU,PORTE PUYMORENS,21,0.0
TOULOUSE MATABIAU,PORTE PUYMORENS,22,0.0
TOULOUSE MATABIAU,PORTE PUYMORENS,23,0.0
TOULOUSE MATABIAU,PORTE PUYMORENS,24,0.0
TOULOUSE MATABIAU,PORTE PUYMORENS,25,0.0
TOULOUSE MATABIAU,PORTE PUYMORENS,26,0.0
TOULOUSE MATABIAU,PORTE PUYMORENS,27,0.0
TOULOUSE MATABIAU,PORTE PUYMORENS,28,0.0
TOULOUSE MATABIAU,PORTE PUYMORENS,29,0.0
TOULOUSE MATABIAU,PORTE PUYMORENS,30,0.0
TOULOUSE MATABIAU,SAVERDUN,0,0.0
TOULOUSE MATABIAU,SAVERDUN,1,0.016666666666666666
TOULOUSE MATABIAU,SAVERDUN,2,0.016666666666666666
TOULOUSE MATABIAU,SAVERDUN,3,0.0
TOULOUSE MATABIAU,SAVERDUN,4,0.0
TOULOUSE MATABIAU,SAVERDUN,5,0.0
TOULOUSE MATABIAU,SAVERDUN,6,0.0
TOULOUSE MATABIAU,SAVERDUN,7,0.0
TOULOUSE MATABIAU,SAVERDUN,8,0.0
TOULOUSE MATABIAU,SAVERDUN,9,0.0
TOULOUSE MATABIAU,SAVERDUN,10,0.0
TOULOUSE MATABIAU,SAVERDUN,11,0.0
TOULOUSE MATABIAU,SAVERDUN,12,0.0
TOULOUSE MATABIAU,SAVERDUN,13,0.0
TOULOUSE MATABIAU,SAVERDUN,14,0.0
TOULOUSE MATABIAU,SAVERDUN,15,0.0
TOULOUSE MATABIAU,SAVERDUN,16,0.0
TOULOUSE MATABIAU,SAVERDUN,17,0.0
TOULOUSE MATABIAU,SAVERDUN,18,0.0
TOULOUSE MATABIAU,SAVERDUN,19,0.0
TOULOUSE MATABIAU,SAVERDUN,20,0.0
TOULOUSE MATABIAU,SAVERDUN,21,0.0
TOULOUSE MATABIAU,SAVERDUN,22,0.0
TOULOUSE MATABIAU,SAVERDUN,23,0.0
TOULOUSE MATABIAU,SAVERDUN,24,0.0
TOULOUSE MATABIAU,SAVERDUN,25,0.0
TOULOUSE MATABIAU,SAVERDUN,26,0.0
TOULOUSE MATABIAU,SAVERDUN,27,0.0
TOULOUSE MATABIAU,SAVERDUN,28,0.0
TOULOUSE MATABIAU,SAVERDUN,29,0.0125
TOULOUSE MATABIAU,SAVERDUN,30,0.0
TOULOUSE MATABIAU,TARASCON SUR ARIEGE,0,0.0
TOULOUSE MATABIAU,TARASCON SUR ARIEGE,1,0.0
TOULOUSE MATABIAU,TARASCON SUR ARIEGE,2,0.016666666666666666
TOULOUSE MATABIAU,TARASCON SUR ARIEGE,3,0.0
TOULOUSE MATABIAU,TARASCON SUR ARIEGE,4,0.0
TOULOUSE MATABIAU,TARASCON SUR ARIEGE,5,0.0
TOULOUSE MATABIAU,TARASCON SUR ARIEGE,6,0.0
TOULOUSE MATABIAU,TARASCON SUR ARIEGE,7,0.0
TOULOUSE MATABIAU,TARASCON SUR ARIEGE,8,0.0
TOULOUSE MATABIAU,TARASCON SUR ARIEGE,9,0.0
TOULOUSE MATABIAU,TARASCON SUR ARIEGE,10,0.0
TOULOUSE MATABIAU,TARASCON SUR ARIEGE,11,0.0
TOULOUSE MATABIAU,TARASCON SUR ARIEGE,12,0.0
TOULOUSE MATABIAU,TARASCON SUR ARIEGE,13,0.0
TOULOUSE MATABIAU,TARASCON SUR ARIEGE,14,0.0
TOULOUSE MATABIAU,TARASCON SUR ARIEGE,15,0.0
TOULOUSE MATABIAU,TARASCON SUR ARIEGE,16,0.0
TOULOUSE MATABIAU,TARASCON SUR ARIEGE,17,0.0
TOULOUSE MATABIAU,TARASCON SUR ARIEGE,18,0.0
TOULOUSE MATABIAU,TARASCON SUR ARIEGE,19,0.0
TOULOUSE MATABIAU,TARASCON SUR ARIEGE,20,0.0
TOULOUSE MATABIAU,TARASCON SUR ARIEGE,21,0.0
TOULOUSE MATABIAU,TARASCON SUR ARIEGE,22,0.0
TOULOUSE MATABIAU,TARASCON SUR ARIEGE,23,0.0
TOULOUSE MATABIAU,TARASCON SUR ARIEGE,24,0.0
TOULOUSE MATABIAU,TARASCON SUR ARIEGE,25,0.0
TOULOUSE MATABIAU,TARASCON SUR ARIEGE,26,0.0
TOULOUSE MATABIAU,TARASCON SUR ARIEGE,27,0.0
TOULOUSE MATABIAU,TARASCON SUR ARIEGE,28,0.0
TOULOUSE MATABIAU,TARASCON SUR ARIEGE,29,0.0
TOULOUSE MATABIAU,TARASCON SUR ARIEGE,30,0.0
